Date,Open,High,Low,Close,Volume,,
5/4/2020,21.51,21.87,21.12,21.31,289090,,
5/5/2020,21.51,21.51,21.17,21.46,87930,,
5/6/2020,21.6,21.63,21.17,21.35,261550,,
5/7/2020,21.46,22.03,21.37,21.69,567310,,
5/8/2020,21.87,21.87,21.35,21.35,304240,,
5/11/2020,21.37,21.58,21.2,21.37,254550,,
5/12/2020,21.37,21.6,21.2,21.46,370260,,
5/13/2020,21.46,21.66,21.25,21.63,283710,,
5/14/2020,21.87,22.19,21.28,21.28,1094730,,
5/15/2020,21.51,21.51,21.35,21.46,151330,,
5/18/2020,21.46,21.51,21.28,21.41,146360,,
5/19/2020,21.35,21.41,20.6,20.66,878150,,
5/20/2020,20.32,20.66,20.32,20.4,211030,,
5/21/2020,20.37,20.95,20.37,20.89,75350,,
5/22/2020,20.71,20.89,20.66,20.66,94110,,
5/25/2020,20.66,20.78,20.47,20.57,152570,,
5/26/2020,20.6,21.41,20.54,21.28,253900,,
5/27/2020,21.63,21.63,20.95,20.95,105450,,
5/28/2020,20.95,21.35,20.78,21.17,240700,,
5/29/2020,21.05,21.37,20.95,21.05,60680,,
6/1/2020,21,21.09,20.74,20.78,176740,,
6/2/2020,20.84,21.17,20.71,21.03,149130,,
6/3/2020,21.12,21.12,20.78,20.95,160230,,
6/4/2020,20.95,20.95,20.51,20.57,416050,,
6/5/2020,20.47,20.47,20.24,20.32,312770,,
6/8/2020,20.32,20.95,20.32,20.71,287730,,
6/9/2020,20.86,20.86,20.4,20.43,145720,,
6/10/2020,20.68,20.8,20.32,20.6,241930,,
6/11/2020,20.6,20.84,20.03,20.03,362810,,
6/12/2020,19.23,19.97,19.23,19.74,513410,,
6/15/2020,19.8,19.83,19.12,19.23,288290,,
6/16/2020,19.34,19.52,19.17,19.45,193070,,
6/17/2020,19.57,19.9,19.28,19.86,348490,,
6/18/2020,19.9,20.32,19.74,20.08,223990,,
6/19/2020,20.32,20.32,19.68,19.74,359300,,
6/22/2020,19.74,19.74,19.55,19.57,307480,,
6/23/2020,19.57,19.57,19.45,19.52,368900,,
6/24/2020,19.52,20.03,19.44,19.83,421690,,
6/25/2020,20.03,20.03,19.68,19.86,404650,,
6/26/2020,19.86,20.89,19.86,20.14,677170,,
6/29/2020,19.74,20.6,19.45,19.45,597050,,
6/30/2020,20.03,20.03,19.52,19.77,533910,,
7/1/2020,19.77,20.47,19.74,20.36,533490,,
7/2/2020,20.54,21.75,20.21,21.69,2773060,,
7/3/2020,21.91,22.6,21.12,21.17,1169170,,
7/6/2020,21.24,21.75,20.71,20.71,1445760,,
7/7/2020,20.8,21.31,20.32,20.32,1730330,,
7/8/2020,20.84,21.72,20.84,21.72,2387470,,
7/9/2020,23.23,23.23,23,23.23,1263310,,
7/10/2020,23.23,23.99,23.23,23.74,2380990,,
7/13/2020,23.45,24.61,23.45,24.01,1531970,,
7/14/2020,23.99,24.61,23.95,24.61,1304480,,
7/15/2020,24.9,24.95,23.74,23.74,1351200,,
7/16/2020,23.74,24.45,23.74,24.42,1019810,,
7/17/2020,24.33,24.98,24.3,24.57,975650,,
7/20/2020,24.57,25.03,24.03,24.26,1576530,,
7/21/2020,24.21,24.21,23.23,23.84,1627280,,
7/22/2020,23.8,24.26,23.74,23.9,1001600,,
7/23/2020,23.87,24.9,23.66,24.9,1283610,,
7/24/2020,24.61,25.29,23.18,24.03,2741350,,
7/27/2020,23.23,23.74,22.6,22.78,1868940,,
7/28/2020,23.15,24.09,22.81,23.84,912110,,
7/29/2020,23.42,23.66,22.43,23.45,1821910,,
7/30/2020,23.66,23.74,23.45,23.48,925680,,
7/31/2020,23.45,23.58,22.92,23.07,880480,,
8/3/2020,23.07,23.87,23.07,23.8,789560,,
8/4/2020,24.03,24.03,23.66,24.01,628220,,
8/5/2020,24.03,25.41,23.95,25.41,2154120,,
8/6/2020,25.63,25.93,25.06,25.75,1335300,,
8/7/2020,25.75,25.93,25.35,25.93,1093430,,
8/10/2020,25.86,26,25.23,25.23,1124990,,
8/11/2020,25.23,25.7,25.13,25.63,2103010,,
8/12/2020,25.75,25.75,25.25,25.47,687600,,
8/13/2020,25.59,26.16,25.29,26.16,1328670,,
8/14/2020,26.16,26.16,25.56,25.75,1193380,,
8/17/2020,25.53,25.72,25.29,25.63,626620,,
8/18/2020,25.53,25.75,25.35,25.35,645140,,
8/19/2020,25.47,26.16,25.32,25.97,889920,,
8/20/2020,25.93,26.39,25.59,25.93,1007340,,
8/21/2020,26.03,26.16,25.7,26.16,801060,,
8/24/2020,26.34,26.61,26.09,26.3,1319300,,
8/25/2020,26.3,26.34,25.9,25.9,651200,,
8/26/2020,25.93,26.21,25.45,26.03,733440,,
8/27/2020,26.17,26.17,25.59,25.7,682150,,
8/28/2020,25.81,26,25.35,25.41,1069590,,
8/31/2020,25.41,25.47,24.93,25.06,1025250,,
9/1/2020,25.06,25.53,25,25.5,521820,,
9/3/2020,25.47,25.7,25.23,25.47,549090,,
9/4/2020,25.19,25.81,25.15,25.7,917660,,
9/7/2020,25.7,25.7,25.29,25.41,713200,,
9/8/2020,25.41,25.66,25.29,25.53,456100,,
9/9/2020,25.41,26.9,25.35,26.73,1702340,,
9/10/2020,26.9,27.05,26.49,26.67,626270,,
9/11/2020,26.67,26.75,26.54,26.61,536060,,
9/14/2020,26.61,26.61,26.28,26.39,735880,,
9/15/2020,26.61,26.67,26.34,26.54,762630,,
9/16/2020,26.54,26.73,26.28,26.61,666130,,
9/17/2020,26.61,26.86,26.54,26.79,681800,,
9/18/2020,26.79,26.79,26.52,26.54,445270,,
9/21/2020,26.67,26.75,25.93,26.09,845270,,
9/22/2020,25.93,26.49,25.75,25.75,1042460,,
9/23/2020,25.75,25.95,25.35,25.47,1202310,,
9/24/2020,25.29,25.7,25.23,25.63,527740,,
9/25/2020,26.03,26.39,25.75,26.39,1235180,,
9/28/2020,26.52,26.52,25.78,26.28,734360,,
9/29/2020,26.28,26.28,25.75,25.81,653770,,
9/30/2020,25.81,26.16,25.75,26.03,555840,,
10/1/2020,26.28,26.28,25.93,26.09,331070,,
10/2/2020,26.21,26.21,25.59,25.75,615210,,
10/5/2020,25.81,26.06,25.75,25.95,471120,,
10/6/2020,26,26.58,25.97,26.34,924850,,
10/7/2020,26.34,26.44,25.9,26.21,416440,,
10/8/2020,26.39,26.39,25.9,26.21,214300,,
10/9/2020,26.21,26.34,25.97,26.16,449460,,
10/12/2020,26.34,26.34,25.93,26.06,405500,,
10/13/2020,25.9,26.09,25.78,26.06,295470,,
10/14/2020,26.16,26.16,25.97,26.03,173200,,
10/15/2020,26.16,26.16,25.75,25.75,214490,,
10/16/2020,25.61,26.17,25.61,25.93,319830,,
10/19/2020,25.81,26.03,25.81,25.86,165240,,
10/20/2020,25.86,26.41,25.86,26.41,416110,,
10/21/2020,26.61,26.67,26.34,26.34,564930,,
10/22/2020,26.21,26.67,26.21,26.67,403400,,
10/23/2020,26.9,27.94,26.79,27.94,1276810,,
10/26/2020,27.99,27.99,27.47,27.58,404730,,
10/27/2020,27.41,27.52,27.19,27.19,327830,,
10/28/2020,26.86,27.16,26.34,26.34,1159330,,
10/29/2020,26.09,26.54,25.93,26.41,464200,,
10/30/2020,26.67,26.73,26.34,26.54,245980,,
11/2/2020,26.54,27.19,26.39,26.95,363290,,
11/3/2020,27.19,27.7,27.01,27.52,594890,,
11/4/2020,27.87,28.04,27.75,27.75,418810,,
11/5/2020,27.75,27.87,27.41,27.41,449240,,
11/6/2020,27.47,27.7,27.39,27.47,178600,,
11/9/2020,27.47,28.21,27.47,28.12,278460,,
11/10/2020,28.35,28.44,28.12,28.12,240140,,
11/11/2020,28.12,29,28.12,29,962370,,
11/12/2020,29.18,29.58,29.18,29.48,477130,,
11/13/2020,29.58,29.81,29.48,29.69,335750,,
11/16/2020,29.69,29.98,29.36,29.48,443290,,
11/17/2020,29.48,30.04,29.42,30.04,557960,,
11/18/2020,30.04,30.21,29.48,30.04,315170,,
11/19/2020,30.04,30.21,29.48,30.04,442190,,
11/20/2020,29.75,30.15,29.58,30.15,409410,,
11/23/2020,30.21,31.18,30.21,31.02,548420,,
11/24/2020,31.41,31.41,30.68,31.18,273590,,
11/25/2020,31.48,32.22,31.41,32.03,492000,,
11/26/2020,32.34,33.24,32.03,33.24,810430,,
11/27/2020,33.19,33.77,32.9,33.43,443400,,
11/30/2020,33.43,34.34,33.31,33.83,542430,,
12/1/2020,32.9,33.94,32.9,33.77,311660,,
12/2/2020,33.77,33.77,33.19,33.48,464400,,
12/3/2020,33.31,33.43,33.19,33.43,261240,,
12/4/2020,33.31,35.71,33.19,35.71,314130,,
12/7/2020,35.25,35.49,33.53,34.28,317800,,
12/8/2020,34.11,34.56,33.77,34.56,165600,,
12/9/2020,34.74,34.79,34.22,34.22,220460,,
12/10/2020,34.34,34.62,34.22,34.39,320220,,
12/11/2020,34.34,35.18,34.22,34.85,392030,,
12/14/2020,35.07,35.07,34.56,34.79,437780,,
12/15/2020,34.79,34.85,34.62,34.74,236100,,
12/16/2020,34.74,34.79,34.45,34.79,553570,,
12/17/2020,34.79,34.79,33.77,33.99,589460,,
12/18/2020,33.83,34.28,33.83,33.99,255270,,
12/21/2020,34.39,34.45,33.99,34.04,174890,,
12/22/2020,34.04,35.31,34.04,35.18,608040,,
12/23/2020,35.76,35.76,34.34,34.62,180410,,
12/24/2020,34.62,34.92,33.83,34.22,203640,,
12/25/2020,34.22,34.92,34.16,34.69,635250,,
12/28/2020,34.69,34.92,34.28,34.28,492160,,
12/29/2020,34.34,34.85,34.28,34.34,386900,,
12/30/2020,35.52,35.52,34.69,34.74,141890,,
12/31/2020,34.74,36.7,34.74,36.05,429900,,
1/4/2021,36.05,36.23,35.52,36.11,246700,,
1/5/2021,36.11,36.23,35.87,36.05,151200,,
1/6/2021,36.11,36.34,35.75,36.11,366600,,
1/7/2021,36.11,38.18,36.11,37.89,581400,,
1/8/2021,38.02,39.07,37.83,37.89,268600,,
1/11/2021,37.89,38.24,37.71,37.95,684200,,
1/12/2021,37.95,38.24,37.24,38.24,496300,,
1/13/2021,38.18,38.48,37.77,37.77,545100,,
1/14/2021,37.89,38.02,37.58,37.89,348300,,
1/15/2021,37.89,40.49,37.89,40.49,1156200,,
1/18/2021,40.56,40.61,39.07,40.43,234700,,
1/19/2021,40.43,40.43,37.71,38.77,446800,,
1/20/2021,38.18,38.77,36.29,38.77,309800,,
1/21/2021,38.77,39.78,38.77,39.78,359600,,
1/22/2021,39.72,39.9,38.48,39.5,604500,,
1/25/2021,39.55,39.55,38.36,39.02,366900,,
1/26/2021,39.02,39.02,37.95,38.02,143200,,
1/27/2021,37,38.02,36.41,36.41,225400,,
1/28/2021,34.34,35.64,33.87,33.87,890900,,
1/29/2021,33.16,36.17,33.16,35.75,121000,,
2/1/2021,37,37.3,36.11,36.41,204700,,
2/2/2021,35.99,37.89,35.99,37.89,284800,,
2/3/2021,37.89,39.5,37.89,39.25,342400,,
2/4/2021,39.6,39.85,38.77,39.37,206100,,
2/5/2021,39.37,40.27,38.48,40.27,363200,,
2/8/2021,39.78,40.31,38.77,38.96,145500,,
2/9/2021,38.6,39.78,38.6,39.78,99000,,
2/17/2021,40.27,42.58,40.27,42.58,1498600,,
2/18/2021,43.4,43.68,42.03,43.45,227900,,
2/19/2021,42.64,43.62,42.64,43.09,196700,,
2/22/2021,43.15,43.57,42.79,43.28,408500,,
2/23/2021,43.21,43.4,43.04,43.15,299900,,
2/24/2021,42.86,44.05,42.86,43.21,486800,,
2/25/2021,43.21,45.1,43.21,45.1,642000,,
2/26/2021,45.1,46.77,44.99,45.87,430200,,
3/1/2021,45.87,45.87,44.69,45.46,317200,,
3/2/2021,45.29,45.59,45.06,45.46,469600,,
3/3/2021,45.87,47.95,45.53,46.65,400000,,
3/4/2021,46.65,47.9,43.81,46.17,473900,,
3/5/2021,45.29,47.35,45.1,47.25,475500,,
3/8/2021,47.35,47.65,46.17,46.77,419800,,
3/9/2021,46.47,47.35,46.17,47.01,346500,,
3/10/2021,46.95,47.65,46.95,47.65,335400,,
3/11/2021,47.95,48.55,47.65,48.55,297000,,
3/12/2021,48.55,50.09,48.55,49.73,312100,,
3/15/2021,49.73,50.03,49.12,49.79,255500,,
3/16/2021,49.79,50.62,49.79,50.37,230700,,
3/17/2021,50.37,50.72,50.03,50.62,252100,,
3/18/2021,50.93,50.93,50.03,50.62,184800,,
3/19/2021,50.62,50.62,49.12,49.38,390500,,
3/22/2021,49.19,49.32,48.24,49.12,476100,,
3/23/2021,48.83,49.12,48.55,49.08,193800,,
3/24/2021,48.24,48.78,48.24,48.43,157800,,
3/25/2021,48.43,48.72,47.35,48.3,111200,,
3/26/2021,48.3,48.3,47.35,47.95,233800,,
3/29/2021,47.95,48.49,47.95,48.36,126000,,
3/30/2021,48.36,49.73,48.36,49.12,287000,,
3/31/2021,49.12,49.44,48.55,49.44,126200,,
4/1/2021,49.44,49.73,49.12,49.55,96300,,
4/2/2021,49.73,49.73,48.61,49.55,165200,,
4/5/2021,49.55,49.55,49.08,49.55,128800,,
4/6/2021,49.55,52.46,49.48,52.11,548400,,
4/7/2021,52.63,53.04,51.5,52.58,301100,,
4/8/2021,52.58,53.04,52.39,52.58,91600,,
4/9/2021,52.15,52.63,51.2,51.81,311300,,
4/12/2021,51.63,52.39,51.2,51.97,250100,,
4/13/2021,51.97,52.8,51.97,52.11,261600,,
4/14/2021,52.11,52.87,52.11,52.8,232200,,
4/15/2021,52.58,52.99,52.58,52.68,93100,,
4/16/2021,49.12,52.68,49.12,52.21,205900,,
4/19/2021,52.11,54.46,51.5,54.46,353700,,
4/20/2021,54.46,54.53,53.45,54.46,97700,,
4/22/2021,54.46,54.46,53.4,53.63,147900,,
4/23/2021,53.63,54.39,52.68,54.17,133500,,
4/26/2021,55.35,55.35,54.17,54.46,218100,,
4/27/2021,54.99,54.99,53.4,53.58,267200,,
4/28/2021,53.58,54.11,52.68,53.15,196800,,
4/29/2021,53.15,55.35,53.15,54,390200,,
5/4/2021,53.28,54.17,53.28,54,105200,,
5/5/2021,54.17,56.06,54.17,55.35,560700,,
5/6/2021,55.65,55.88,55.05,55.82,471300,,
5/7/2021,55.77,56.82,55.12,56.66,688600,,
5/10/2021,56.71,59.5,56.42,59.5,608400,,
5/11/2021,59.78,60.8,59.43,59.68,339600,,
5/12/2021,59.2,60.26,59.2,60.26,273400,,
5/13/2021,59.97,60.26,59.32,59.78,337200,,
5/14/2021,59.78,60.39,59.08,59.2,322200,,
5/17/2021,59.2,60.5,59.2,60.19,435000,,
5/18/2021,60.45,60.5,59.37,60.04,455000,,
5/19/2021,60.19,63.11,60.04,61.38,413600,,
5/20/2021,62.11,62.63,61.38,62.11,371900,,
5/21/2021,61.58,62.28,61.58,62.11,188100,,
5/24/2021,61.92,62.46,61.58,62.46,301000,,
5/25/2021,62.74,65.05,59.2,62.69,250700,,
5/26/2021,62.69,62.69,61.21,61.58,261800,,
5/27/2021,60.97,61.27,59.2,59.68,236200,,
5/28/2021,59.32,60.68,59.32,60.19,84200,,
5/31/2021,59.5,63.22,59.5,60.33,266200,,
6/1/2021,60.19,62.15,60.19,61.58,241800,,
6/2/2021,62.15,62.15,61.58,61.86,161400,,
6/3/2021,61.86,62.69,61.69,61.86,163700,,
6/4/2021,61.86,63.05,61.8,62.98,626200,,
6/7/2021,63.64,63.64,60.97,62.92,146200,,
6/8/2021,62.98,63.05,59.78,60.97,346600,,
6/9/2021,60.97,62.74,60.74,61.58,239800,,
6/10/2021,61.58,62.69,60.97,62.34,215100,,
6/11/2021,62.74,63.93,62.69,62.69,140100,,
6/14/2021,62.69,63.34,62.69,63.11,268100,,
6/15/2021,62.74,63.93,62.74,62.98,92600,,
6/16/2021,63.86,63.86,62.87,62.98,62500,,
6/17/2021,62.98,64.53,62.92,63.22,198100,,
6/18/2021,63.22,64.47,63.22,63.29,254200,,
6/21/2021,63.29,64.47,63.29,63.86,112400,,
6/22/2021,63.93,63.93,63.11,63.46,152000,,
6/23/2021,63.11,63.34,61.58,62.15,587300,,
6/24/2021,62.15,62.34,61.51,62.15,135400,,
6/25/2021,61.58,62.11,60.55,61.58,440700,,
6/28/2021,61.58,63.22,61.58,63.17,53800,,
6/29/2021,63.17,63.17,62.28,62.87,63800,,
6/30/2021,62.74,62.87,62.15,62.15,110600,,
7/1/2021,62.15,64,61.63,62.69,61100,,
7/2/2021,62.81,62.92,62.15,62.28,82600,,
7/5/2021,62.04,62.28,61.04,61.33,174400,,
7/6/2021,61.04,61.51,60.09,60.09,160200,,
7/7/2021,60.33,63.17,58.07,62.81,190300,,
7/8/2021,62.81,62.92,61.86,62.74,212700,,
7/9/2021,63.34,63.34,60.68,60.74,83700,,
7/12/2021,59.32,61.58,57.72,58.02,179600,,
7/13/2021,57.72,58.31,57.42,58.02,216200,,
7/14/2021,59.24,59.24,56.93,57.34,122200,,
7/15/2021,58.04,58.04,56.98,57.44,165400,,
7/16/2021,57.5,57.57,57.16,57.34,144800,,
7/19/2021,54.55,59.11,54.55,57.34,176100,,
7/20/2021,59.18,59.18,57.34,57.57,73200,,
7/21/2021,57.64,57.76,56.86,57.57,100900,,
7/22/2021,57.57,59.29,57.34,59.11,317400,,
7/23/2021,62.82,62.82,60.14,60.43,116300,,
7/26/2021,60.57,62.67,59.82,60.28,61700,,
7/27/2021,59.99,61.03,59.82,60.87,198400,,
7/28/2021,61.11,62.82,60.87,61.33,151100,,
7/29/2021,61.85,62.07,61.11,61.85,66500,,
7/30/2021,62.6,62.6,61.11,62.07,125000,,
8/2/2021,62.07,66.26,61.55,66.26,1878900,,
8/3/2021,68.06,68.06,66.41,66.92,184200,,
8/4/2021,67.29,67.29,66.04,66.55,234700,,
8/5/2021,65.88,67.91,65.8,67.69,660700,,
8/6/2021,67.75,67.75,66.78,67.29,304400,,
8/9/2021,66.33,69.4,66.04,67.69,529700,,
8/10/2021,67.69,67.75,66.55,67.53,641800,,
8/11/2021,67.69,67.82,66.19,66.92,511500,,
8/12/2021,66.92,67.29,65.8,65.8,632100,,
8/13/2021,65.73,65.8,64.31,64.54,430800,,
8/16/2021,64.62,66.41,64.459,65.73,594300,,
8/17/2021,66.55,66.55,65.43,66.04,544700,,
8/18/2021,65.8,66.04,65.05,65.67,174500,,
8/19/2021,66.11,67.61,65.67,65.8,549000,,
8/20/2021,65.88,65.96,62.07,63.56,640200,,
8/23/2021,63.56,63.56,61.33,61.7,232800,,
8/24/2021,60.28,62.07,60.28,61.39,271300,,
8/25/2021,61.39,61.7,60.28,61.33,223400,,
8/26/2021,60.8,63.12,60.8,62.07,330500,,
8/27/2021,61.39,61.99,61.33,61.92,142700,,
8/30/2021,62.21,62.73,62.21,62.73,221600,,
8/31/2021,63.56,63.72,62.21,63.72,192200,,
9/1/2021,63.72,63.72,62.53,62.82,521200,,
9/6/2021,62.82,64.69,62.53,63.27,443500,,
9/7/2021,63.27,63.56,62.53,62.73,346400,,
9/8/2021,62.73,63.2,62.67,62.82,187600,,
9/9/2021,62.82,63.04,62.53,62.96,315900,,
9/10/2021,62.82,63.2,62.67,63.12,186700,,
9/13/2021,63.12,64.31,62.9,64.23,768700,,
9/14/2021,64.23,65.43,64.23,64.76,559800,,
9/15/2021,64.76,65.8,64.76,65.36,299300,,
9/16/2021,65.14,66.19,64.31,65.59,304500,,
9/17/2021,65.209,65.8,63.94,65.73,707100,,
9/20/2021,65.8,65.8,64.91,64.989,445600,,
9/21/2021,64.69,64.76,63.86,63.94,594400,,
9/22/2021,64.31,64.459,62.96,63.94,305500,,
9/23/2021,65.67,65.67,63.86,64.23,409800,,
9/24/2021,64.54,64.54,63.12,63.41,343900,,
9/27/2021,64.03,64.03,61.55,61.99,404800,,
9/28/2021,61.55,62.67,60.5,62.67,213800,,
9/29/2021,62.07,63.04,61.33,62.67,178600,,
9/30/2021,62.73,64.31,61.85,62.07,207500,,
10/1/2021,61.92,62.36,61.33,62.07,215200,,
10/4/2021,63.56,66.41,62.53,66.41,3321600,,
10/5/2021,70.15,70.3,68.06,68.66,1330800,,
10/6/2021,68.66,71.34,67.53,70.68,1249100,,
10/7/2021,70.75,72.17,69.63,71.06,1606700,,
10/8/2021,70.75,72.4,70.75,71.19,763100,,
10/11/2021,71.43,71.43,69.76,70.15,943600,,
10/12/2021,69.85,71.26,68.94,70.97,932500,,
10/13/2021,71.34,71.79,69.4,69.76,704800,,
10/14/2021,69.76,70.89,69.69,70.15,745600,,
10/15/2021,70.52,70.52,69.26,69.4,535400,,
10/18/2021,69.48,70.15,68.74,68.8,712600,,
10/19/2021,68.8,68.8,67.69,67.69,571000,,
10/20/2021,67.69,69.85,67.29,68.8,419200,,
10/21/2021,68.8,70.89,68.42,70.3,955900,,
10/22/2021,70.89,70.97,69.93,70.44,473200,,
10/25/2021,70.97,71.06,70.07,70.44,429400,,
10/26/2021,70.37,70.37,67.29,69.56,375200,,
10/27/2021,69.56,70.15,68.88,69.76,403100,,
10/28/2021,69.85,69.93,68.74,68.8,921600,,
10/29/2021,68.8,70.24,68.66,69.93,615700,,
11/1/2021,69.63,69.85,67.99,67.99,954000,,
11/2/2021,67.82,68.8,67.82,68.06,667500,,
11/3/2021,68.06,68.94,68.06,68.06,438400,,
11/4/2021,68.74,68.74,67.99,68.36,190200,,
11/5/2021,68.74,72.09,68.36,71.87,1573500,,
11/8/2021,71.94,72.4,70.3,71.26,368000,,
11/9/2021,71.12,71.94,70.75,71.65,609400,,
11/10/2021,71.06,71.65,70,71.49,638100,,
11/11/2021,70.44,71.65,70.3,70.44,530500,,
11/12/2021,70.07,70.52,70,70.44,438600,,
11/15/2021,70.44,70.52,68.36,68.8,372800,,
11/16/2021,68.12,68.8,68.12,68.36,171300,,
11/17/2021,68.36,69.56,68.2,68.66,103500,,
11/18/2021,69.4,69.63,68.06,68.8,198800,,
11/19/2021,68.8,70.07,67.91,70.07,370300,,
11/22/2021,70.07,70.3,69.03,69.56,212900,,
11/23/2021,69.56,69.69,68.42,69.69,178000,,
11/24/2021,69.56,70.68,69.32,70.3,441300,,
11/25/2021,71.65,71.65,70,70.68,474600,,
11/26/2021,70.68,71.12,69.56,69.56,260100,,
11/29/2021,68.12,69.63,68.12,69.63,269200,,
11/30/2021,69.63,69.76,68.8,69.76,199100,,
12/1/2021,70.3,70.68,68.12,69.56,106100,,
12/2/2021,70.89,70.89,69.18,69.26,181300,,
12/3/2021,69.26,69.26,68.12,68.27,161900,,
12/6/2021,68.27,68.5,63.56,65.88,284600,,
12/7/2021,66.19,67.17,63.94,66.19,207500,,
12/8/2021,66.41,67.17,66.19,66.19,144800,,
12/9/2021,66.26,67.69,66.26,67.29,208400,,
12/10/2021,67.01,67.38,66.19,66.26,150300,,
12/13/2021,66.26,67.01,65.8,65.88,221300,,
12/14/2021,65.96,66.19,64.54,64.84,135700,,
12/15/2021,64.69,65.8,64.62,65.29,51400,,
12/16/2021,65.29,65.36,63.56,64.39,163000,,
12/17/2021,64.39,64.54,63.56,63.79,241100,,
12/20/2021,63.94,64.17,63.49,63.49,210000,,
12/21/2021,62.45,63.56,62.45,63.49,115800,,
12/22/2021,63.27,63.65,62.82,62.96,174500,,
12/23/2021,62.45,63.41,61.99,62.73,189100,,
12/24/2021,62.45,63.34,62.45,63.34,136400,,
12/27/2021,63.34,64.69,62.53,64.31,47100,,
12/28/2021,64.31,64.54,64.23,64.31,51100,,
12/29/2021,63.65,64.459,63.65,64.23,44600,,
12/30/2021,64.31,65.05,64.17,65.05,25800,,
12/31/2021,64.91,66.55,64.31,66.55,58600,,
1/4/2022,66.41,66.41,65.36,65.8,136100,,
1/5/2022,65.05,65.519,64.76,65.519,143500,,
1/6/2022,65.05,65.8,64.91,65.519,47600,,
1/7/2022,65.14,65.14,63.94,64.03,112600,,
1/10/2022,64.03,64.099,63.56,63.65,126900,,
1/11/2022,63.56,63.94,62.21,62.21,157500,,
1/12/2022,62.3,63.86,62.3,62.73,64200,,
1/13/2022,62.9,63.94,60.65,61.33,123700,,
1/14/2022,61.33,61.77,61.24,61.39,178600,,
1/17/2022,61.7,63.2,60.19,60.28,103700,,
1/18/2022,59.9,60.28,59.75,59.75,121600,,
1/19/2022,59.82,60.57,59.75,59.75,73400,,
1/20/2022,59.75,60.57,59.61,60.14,88700,,
1/21/2022,60.14,60.14,58.7,58.7,123100,,
1/24/2022,58.99,59.08,56.54,56.83,124400,,
1/25/2022,55.93,56.99,53.69,54.59,202300,,
1/26/2022,54.59,56.99,54.59,56.99,52500,,
1/27/2022,58.79,58.79,55.72,56.99,133300,,
1/28/2022,56.83,58.41,56.83,58.32,86400,,
2/7/2022,58.32,58.49,56.47,56.61,236800,,
2/8/2022,56.83,58.17,56.47,57.59,107700,,
2/9/2022,57.59,58.32,57.59,58.32,48800,,
2/10/2022,58.41,58.49,57.5,58.32,264400,,
2/11/2022,58.32,59.08,58.32,59.08,49200,,
2/14/2022,59.08,59.08,57.97,58.7,137000,,
2/15/2022,58.7,58.93,58.25,58.93,46200,,
2/16/2022,58.93,58.93,58.32,58.41,70200,,
2/17/2022,58.41,58.99,58.32,58.32,62700,,
2/18/2022,58.32,58.49,56.83,58.49,330300,,
2/21/2022,58.49,60.57,58.32,59.9,177200,,
2/22/2022,59.24,60.19,59.24,59.99,88500,,
2/23/2022,59.99,61.39,59.68,61.11,224700,,
2/24/2022,60.65,61.17,59.54,60.14,263000,,
2/25/2022,60.14,60.19,59.24,59.54,198600,,
2/28/2022,59.61,61.63,59.31,59.99,69700,,
3/1/2022,60.06,60.73,59.82,60.57,80200,,
3/2/2022,60.57,60.57,59.24,59.54,231000,,
3/3/2022,59.54,59.54,58.56,59.08,289200,,
3/4/2022,59.31,59.9,58.63,58.79,292700,,
3/7/2022,58.7,59.16,57.8,58.99,257100,,
3/8/2022,58.7,58.7,57.59,57.59,261900,,
3/9/2022,57.59,57.67,55.93,56.1,219000,,
3/10/2022,58.93,58.93,54.59,54.96,243200,,
3/11/2022,56.1,56.83,55.12,55.78,147300,,
3/14/2022,56.1,56.1,54.15,54.59,85200,,
3/15/2022,54.59,54.96,53.1,54.75,152600,,
3/16/2022,55.12,55.5,54.75,54.9,165200,,
3/17/2022,56.01,56.01,53.26,54.96,267300,,
3/18/2022,55.34,55.86,54.75,54.96,275900,,
3/21/2022,55.34,55.34,54.07,55.04,156800,,
3/22/2022,55.04,55.18,54.44,55.04,220200,,
3/23/2022,55.12,56.1,54.96,55.42,307600,,
3/24/2022,56.01,56.01,54.96,54.96,156600,,
3/25/2022,55.04,55.72,55.04,55.42,188400,,
3/28/2022,55.93,55.93,54.59,55.12,289100,,
3/29/2022,55.12,56.01,55.04,55.26,194900,,
3/30/2022,55.26,59.08,55.26,59.08,1675300,,
3/31/2022,60.87,60.87,59.16,59.61,286700,,
4/1/2022,59.08,61.99,58.63,61.92,362800,,
4/4/2022,62.07,63.94,61.85,63.65,687800,,
4/5/2022,63.86,63.86,62.6,63.56,384500,,
4/6/2022,62.82,63.65,62.07,62.3,349200,,
4/7/2022,62.3,63.56,62.3,62.45,928600,,
4/8/2022,62.36,62.82,61.39,61.39,443000,,
4/12/2022,62.07,62.07,58.32,58.32,398400,,
4/13/2022,58.32,60.57,58.32,59.82,314600,,
4/14/2022,59.16,60.5,58.49,59.08,264300,,
4/15/2022,59.82,62.73,58.93,61.7,610800,,
4/18/2022,62.21,62.9,61.63,62.07,599400,,
4/19/2022,62.9,65.209,62.53,63.2,944000,,
4/20/2022,62.45,63.56,61.47,61.99,430400,,
4/21/2022,60.87,62.45,60.87,62.07,460200,,
4/22/2022,62.15,62.36,57.74,60.57,988600,,
4/25/2022,58.41,60.19,56.39,57.97,601600,,
4/26/2022,57.29,60.57,54.59,60.57,180300,,
4/27/2022,59.16,59.82,58.32,59.82,180600,,
4/28/2022,59.08,60.19,59.08,59.82,219500,,
4/29/2022,59.82,60.28,59.08,60.28,602600,,
5/4/2022,59.82,59.99,57.67,58.25,314700,,
5/5/2022,58.25,58.56,55.04,58.25,408200,,
5/6/2022,56.1,57.97,55.64,57.67,232500,,
5/9/2022,56.1,57.5,53.93,53.93,240800,,
5/10/2022,53.77,56.1,51.53,56.1,138400,,
5/11/2022,56.1,56.47,55.72,56.3,188600,,
5/12/2022,56.1,56.24,54.96,55.72,254200,,
5/13/2022,54.96,55.94,53.36,55.94,163800,,
5/16/2022,57.25,57.25,54.26,55.72,65200,,
5/17/2022,54.41,56.41,54.19,56.02,90400,,
5/18/2022,57.25,57.25,55.94,56.48,173800,,
5/19/2022,54.26,56.48,54.26,56.32,103500,,
5/20/2022,56.32,56.48,55.33,56.48,69900,,
5/23/2022,54.41,56.94,53.97,55.02,141900,,
5/24/2022,56.1,56.1,51.21,54.88,294600,,
5/25/2022,54.26,55.33,53.04,54.96,187700,,
5/26/2022,54.96,54.96,53.27,54.96,289600,,
5/27/2022,54.96,54.96,53.42,54.58,234200,,
5/30/2022,54.88,54.88,54.12,54.49,120100,,
5/31/2022,54.26,54.72,54.03,54.03,140000,,
6/1/2022,54.03,54.88,53.97,54.26,113500,,
6/2/2022,54.26,54.65,53.42,54.19,238100,,
6/3/2022,54.26,54.34,53.42,54.12,100300,,
6/6/2022,54.03,54.19,53.04,53.42,207300,,
6/7/2022,53.42,53.42,52.27,52.73,179700,,
6/8/2022,52.73,53.2,51.52,52.73,252200,,
6/9/2022,52.27,52.81,51.12,52.27,128500,,
6/10/2022,52.27,52.27,51.52,51.75,68900,,
6/13/2022,49.68,50.53,48.16,48.47,378900,,
6/14/2022,48.16,48.47,45.79,47.4,68700,,
6/15/2022,48.77,48.77,44.12,48.08,335000,,
6/16/2022,49.46,50.3,47.93,50.3,180400,,
6/17/2022,48.84,53.8,48.77,51.82,88200,,
6/20/2022,51.89,51.89,50.61,51.75,220600,,
6/21/2022,51.67,51.67,49.61,51.12,43600,,
6/22/2022,51.12,51.12,49.61,51.12,119100,,
6/23/2022,51.89,51.89,49.61,49.61,55900,,
6/24/2022,49.61,49.99,48.47,49.99,106900,,
6/27/2022,49.61,51.12,48.84,49.99,105100,,
6/28/2022,50.36,51.89,49.61,49.99,54500,,
6/29/2022,50.75,51.89,49.61,49.61,123800,,
6/30/2022,50.36,50.36,49.39,49.61,137600,,
7/1/2022,49.61,51.52,48.23,51.12,138600,,
7/4/2022,51.12,51.89,50.15,51.12,158200,,
7/5/2022,51.12,51.89,50.22,50.53,53600,,
7/6/2022,51.06,51.75,49.61,49.61,179400,,
7/7/2022,48.16,50.66,47.7,49.08,220700,,
7/8/2022,49.68,51.82,47.7,51.82,193700,,
7/11/2022,51.12,51.12,48.23,49.91,115400,,
7/12/2022,49.83,51.82,48.08,51.21,152200,,
7/13/2022,51.12,51.12,49.61,49.61,64500,,
7/14/2022,49.46,49.91,48.08,48.92,48500,,
7/15/2022,49.99,51.89,48.84,50.36,69800,,
7/18/2022,50.45,51.82,49.99,50.36,90300,,
7/19/2022,50.84,52.22,49.83,50.36,15700,,
7/20/2022,50.45,51.85,48.04,50.36,57800,,
7/21/2022,49.29,51.85,49.29,50.36,20100,,
7/22/2022,50.3,51.85,49.38,50.36,101800,,
7/25/2022,50.3,51.91,49.44,50.36,75000,,
7/26/2022,50.3,51.61,49.21,49.21,82100,,
7/27/2022,49.99,51.85,48.82,49.21,121900,,
7/28/2022,49.99,49.99,48.98,49.12,78100,,
7/29/2022,48.82,51.45,48.35,48.82,138400,,
8/1/2022,48.82,48.9,47.27,48.04,209700,,
8/2/2022,48.04,50.76,48.04,48.52,58500,,
8/3/2022,47.82,49.44,47.82,48.44,65100,,
8/4/2022,48.44,48.44,47.74,48.28,69200,,
8/5/2022,48.21,48.44,46.5,47.58,334000,,
8/8/2022,46.97,47.27,46.5,47.12,74500,,
8/9/2022,47.12,47.66,46.81,47.66,107600,,
8/10/2022,48.21,48.82,47.58,47.82,106400,,
8/11/2022,47.82,47.97,47.35,47.35,171200,,
8/12/2022,47.35,48.44,47.04,47.04,113800,,
8/15/2022,47.04,48.44,46.57,47.12,188700,,
8/16/2022,47.27,48.35,47.27,47.9,42900,,
8/17/2022,48.04,48.98,47.97,48.6,394800,,
8/18/2022,48.6,49.38,48.52,48.82,169300,,
8/19/2022,48.9,48.9,48.04,48.28,156700,,
8/22/2022,48.12,48.75,47.04,47.66,200600,,
8/23/2022,47.27,48.04,47.27,47.66,212900,,
8/24/2022,47.35,48.44,47.27,47.66,194800,,
8/25/2022,47.74,48.44,47.74,47.97,106600,,
8/26/2022,48.28,48.28,47.43,47.74,64600,,
8/29/2022,47.66,47.66,44.55,46.26,196400,,
8/30/2022,46.5,48.44,46.1,47.27,86900,,
8/31/2022,46.57,47.12,46.57,46.73,35900,,
9/5/2022,46.81,47.97,46.5,46.73,84300,,
9/6/2022,47.12,47.9,46.5,46.81,81300,,
9/7/2022,47.27,47.27,46.19,46.19,81900,,
9/8/2022,46.88,47.12,45.79,46.81,81600,,
9/9/2022,46.65,47.58,46.19,46.5,117700,,
9/12/2022,46.97,46.97,46.5,46.57,32000,,
9/13/2022,46.5,46.73,46.35,46.73,60700,,
9/14/2022,45.79,47.43,45.73,47.27,67200,,
9/15/2022,47.27,47.66,46.73,47.12,84000,,
9/16/2022,46.97,46.97,46.35,46.5,99500,,
9/19/2022,46.19,47.27,45.73,46.73,207600,,
9/20/2022,46.81,47.58,46.26,47.04,49700,,
9/21/2022,46.1,46.97,46.1,46.88,13600,,
9/22/2022,46.88,47.43,45.73,46.88,62000,,
9/23/2022,47.19,47.19,46.5,46.88,20300,,
9/26/2022,46.04,47.27,44.8,44.87,119900,,
9/27/2022,45.65,45.65,44.87,44.95,51600,,
9/28/2022,43.16,44.8,43.16,44.8,134200,,
9/29/2022,44.18,44.95,44.18,44.8,45100,,
9/30/2022,43.71,44.8,43.71,44.8,112500,,
10/3/2022,43.87,44.95,43.25,44.71,71600,,
10/4/2022,43.16,44.87,43.01,44.02,97000,,
10/5/2022,44.49,44.49,42.94,44.18,65300,,
10/6/2022,44.18,44.87,43.41,43.93,99900,,
10/7/2022,43.87,44.24,41.14,42.64,257200,,
10/10/2022,40.36,43.41,40.36,42.64,310600,,
10/11/2022,42.64,42.64,40.84,41.47,196200,,
10/12/2022,41.09,41.78,40.23,41.78,178200,,
10/13/2022,41.78,41.78,40.84,41.78,97200,,
10/14/2022,41.78,42.64,41.78,42.24,73700,,
10/17/2022,40.84,42.55,40.84,41.78,50600,,
10/18/2022,41.86,42.64,41.14,42.08,65000,,
10/19/2022,42,43.01,41.78,42.31,44200,,
10/20/2022,42.39,42.39,41.53,42.39,116700,,
10/21/2022,42.39,42.39,40.69,41.47,130100,,
10/24/2022,41.09,41.09,38.6,41.09,145200,,
10/25/2022,40.69,40.92,38.29,40.3,201200,,
10/26/2022,40.3,40.3,37.98,39.53,146200,,
10/27/2022,38.75,39.53,37.82,38.75,221100,,
10/28/2022,38.36,38.75,38.29,38.68,143500,,
10/31/2022,38.75,38.75,36.07,37.98,93500,,
11/1/2022,37.98,38.71,37.35,38.71,114800,,
11/2/2022,38.82,39.45,38.36,39.13,65000,,
11/3/2022,38.82,39.13,38.36,39.06,34400,,
11/4/2022,39.06,39.06,36.89,38.71,92500,,
11/7/2022,39.06,39.06,36.81,38.29,66400,,
11/8/2022,38.29,38.29,36.96,37.98,51700,,
11/9/2022,37.98,38.29,35.34,35.34,292000,,
11/10/2022,32.93,33.21,32.9,32.9,75200,,
11/11/2022,30.61,30.61,30.61,30.61,21100,,
11/14/2022,28.5,28.5,28.5,28.5,23100,,
11/15/2022,26.52,26.52,26.52,26.52,40900,,
11/16/2022,24.69,24.69,24.69,24.69,113000,,
11/17/2022,22.97,26.24,22.97,26.07,6374600,,
11/18/2022,26.24,27.87,26.24,27.87,158300,,
11/21/2022,29.81,29.81,27.04,28.62,995300,,
11/22/2022,27.84,28.46,26.64,26.95,1525100,,
11/23/2022,26.72,27.43,25.13,25.13,659200,,
11/24/2022,24.65,26.87,24.65,26.87,480700,,
11/25/2022,27.59,28.23,27.43,28.23,340700,,
11/28/2022,28.75,29.65,27.84,29.26,580700,,
11/29/2022,28.94,29.55,27.27,29.14,1306100,,
11/30/2022,29.1,30.45,28.3,30.21,740400,,
12/1/2022,30.26,31.4,29.97,30.37,970400,,
12/2/2022,29.61,30.13,29.5,30.13,383200,,
12/5/2022,30.61,30.69,29.42,29.74,469400,,
12/6/2022,29.74,30.61,29.02,29.81,866400,,
12/7/2022,29.34,29.81,28.23,28.3,432300,,
12/8/2022,29.38,29.74,28.62,28.9,431000,,
12/9/2022,29.61,29.61,28.55,29.1,303000,,
12/12/2022,29.58,30.49,29.26,30.06,431300,,
12/13/2022,30.13,30.37,29.74,29.9,246300,,
12/14/2022,31.47,31.47,30.52,30.81,252400,,
12/15/2022,30.52,30.86,30.11,30.35,200400,,
12/16/2022,29.59,30.06,29.59,30.01,209000,,
12/19/2022,29.68,30.48,29.68,30.06,280500,,
12/20/2022,30.57,30.57,29.59,30.15,297200,,
12/21/2022,29.77,30.06,29.17,29.87,199700,,
12/22/2022,30.06,30.06,28.23,28.23,173200,,
12/23/2022,28.37,29.07,27.28,28.18,162200,,
12/26/2022,28.18,28.41,27.24,27.24,172600,,
12/27/2022,27.24,27.48,27.24,27.38,24000,,
12/27/2022,27.48,29.12,27.06,29.12,112700,,
12/28/2022,29.26,30.06,28.7,30.06,98100,,
12/29/2022,29.92,31.18,29.87,30.81,347400,,
12/30/2022,31.47,31.56,30.52,30.81,377100,,
1/3/2023,30.57,31.1,30.57,30.95,101900,,
1/4/2023,31.32,31.32,30.67,30.72,127200,,
1/5/2023,30.86,31.75,30.77,31.75,307300,,
1/6/2023,31.94,32.4,31.75,32.4,150300,,
1/9/2023,32.87,34.67,32.87,34.67,303000,,
1/10/2023,35.22,35.37,34.71,34.85,150200,,
1/11/2023,34.71,34.85,34.37,34.37,197800,,
1/12/2023,36.45,36.45,34.37,35.74,115500,,
1/13/2023,36.07,36.35,35.22,36.26,206200,,
1/16/2023,36.63,36.63,35.22,36.45,82700,,
1/17/2023,36.58,36.58,35.7,35.93,65600,,
1/18/2023,35.7,36.35,35.13,35.6,157900,,
1/19/2023,35.27,36.12,35.27,35.65,126200,,
1/27/2023,35.51,36.26,35.51,36.17,158600,,
1/30/2023,36.26,36.45,35.7,36.35,95600,,
1/31/2023,35.7,36.45,35.7,36.26,91600,,
2/1/2023,36.26,36.45,34.95,34.95,188000,,
2/2/2023,34.85,34.85,34.2,34.62,151000,,
2/3/2023,34.62,35.17,34.57,34.75,100100,,
2/6/2023,35.51,35.51,34.42,35.13,110100,,
2/7/2023,35.42,35.42,34.29,34.47,136600,,
2/8/2023,34.47,34.85,34.1,34.71,49800,,
2/9/2023,34,35.13,34,34.75,66000,,
2/10/2023,34.37,34.57,33.92,34.29,137500,,
2/13/2023,33.92,34.15,32.689,32.78,265000,,
2/14/2023,32.74,34.24,32.74,34.24,109000,,
2/15/2023,34.24,34.75,34.1,34.37,41800,,
2/16/2023,34.37,34.75,34.37,34.57,39000,,
2/17/2023,34.37,34.62,34.29,34.57,43800,,
2/20/2023,34.71,35.51,34.62,35.17,106100,,
2/21/2023,35.51,36.63,35.22,36.21,216200,,
2/22/2023,35.51,36.54,35.42,35.42,85500,,
2/23/2023,35.6,35.6,35.04,35.42,75000,,
2/24/2023,35.7,35.7,35.27,35.51,44600,,
2/27/2023,35.32,35.32,34.29,34.29,105500,,
2/28/2023,34.67,35.04,34.47,34.85,197100,,
3/1/2023,34.99,35.42,33.87,35.42,88600,,
3/2/2023,35.6,37.52,35.22,37.29,320700,,
3/3/2023,38.23,38.23,36.82,36.82,96500,,
3/6/2023,36.87,38.32,36.87,37.01,127300,,
3/7/2023,37.71,37.71,37.11,37.38,82100,,
3/8/2023,37.11,37.52,37.01,37.29,149100,,
3/9/2023,37.48,38.42,37.2,38.05,217200,,
3/10/2023,38.09,39.41,37.57,38.93,165900,,
3/13/2023,38.51,38.98,37.81,38.51,167400,,
3/14/2023,38.18,38.32,36.58,36.72,244900,,
3/15/2023,37.29,37.95,37.29,37.38,107300,,
3/16/2023,36.92,37.38,36.63,37.2,124200,,
3/17/2023,37.81,37.86,37.11,37.2,77200,,
3/20/2023,37.15,37.15,36.54,36.63,85400,,
3/21/2023,36.68,37.06,36.58,36.82,43600,,
3/22/2023,36.82,36.82,36.02,36.02,48700,,
3/23/2023,36.17,37.2,36.17,36.96,10000,,
3/24/2023,36.4,37.48,36.4,37.48,78400,,
3/27/2023,37.38,37.76,37.38,37.52,83300,,
3/28/2023,37.48,37.71,37.38,37.57,93200,,
3/29/2023,37.2,37.76,37.2,37.25,73300,,
3/30/2023,37.57,37.95,37.52,37.67,32000,,
3/31/2023,37.86,37.86,36.82,36.82,10200,,
4/3/2023,37.86,37.86,37.25,37.52,187500,,
4/4/2023,37.62,37.86,37.33,37.67,137200,,
4/5/2023,38.05,38.05,36.63,37.25,78300,,
4/6/2023,37.71,37.76,37.11,37.29,129900,,
4/7/2023,37.48,37.48,36.82,36.92,23700,,
4/10/2023,37.11,37.81,36.63,37.57,172600,,
4/11/2023,37.11,37.52,37.11,37.33,74900,,
4/12/2023,37.38,38,37.25,37.91,232500,,
4/13/2023,38.05,39.26,38.05,38.88,365100,,
4/14/2023,38.8,38.8,37.57,37.67,204400,,
4/17/2023,37.67,38.8,37.29,38.32,126400,,
4/18/2023,38.8,38.84,38.05,38.8,181700,,
4/19/2023,38.88,38.88,38.09,38.09,86700,,
4/20/2023,38.13,38.71,37.86,38.23,248000,,
4/21/2023,38.37,38.42,37.76,38.05,92000,,
4/24/2023,38.42,38.47,38.05,38.05,88200,,
4/25/2023,37.95,38.23,37.25,37.86,85900,,
4/26/2023,36.82,37.52,36.82,37.06,64500,,
4/27/2023,37.48,38.13,37.01,38.09,80400,,
4/28/2023,38,38.51,37.67,37.67,81400,,
5/4/2023,37.57,38.28,36.82,37.01,84700,,
5/5/2023,37.62,37.62,36.82,36.96,43300,,
5/8/2023,37.01,37.81,37.01,37.2,104000,,
5/9/2023,37.57,37.57,36.45,37.29,154100,,
5/10/2023,37.33,37.43,37.01,37.29,25700,,
5/11/2023,37.48,37.48,36.45,36.87,437000,,
5/12/2023,37.33,37.33,36.63,36.77,192100,,
5/15/2023,36.77,37.11,36.63,36.68,166800,,
5/16/2023,36.35,37.01,36.35,36.54,117500,,
5/17/2023,36.92,37.11,36.45,36.92,94200,,
5/18/2023,37.01,37.38,36.96,37.11,111500,,
5/19/2023,37.25,37.38,37.06,37.06,92600,,
5/22/2023,37.29,37.57,37.25,37.52,108100,,
5/23/2023,37.52,37.95,37.43,37.91,59500,,
5/24/2023,38.23,38.23,37.62,37.91,63800,,
5/25/2023,38.43,38.43,37.56,38.24,44000,,
5/26/2023,38.24,38.53,37.86,38.43,145200,,
5/29/2023,38.53,38.81,38.33,38.72,304900,,
5/30/2023,39.1,39.1,37.56,39.06,180300,,
5/31/2023,38.58,39.2,38.58,39.2,127300,,
6/1/2023,39.3,41.04,39.2,40.27,210600,,
6/2/2023,40.35,40.79,39.88,40.45,100600,,
6/5/2023,41.09,41.09,40.4,40.6,108500,,
6/6/2023,40.69,41.56,40.65,41.32,268400,,
6/7/2023,41.89,41.89,40.84,41.22,139400,,
6/8/2023,41.37,41.37,40.17,40.94,269100,,
6/9/2023,40.94,40.94,39.97,40.55,109200,,
6/12/2023,40.35,41.37,40.07,41.22,255400,,
6/13/2023,41.42,41.42,40.84,40.84,59300,,
6/14/2023,41.42,41.42,40.65,40.89,21900,,
6/15/2023,40.45,41.32,40.45,40.6,40300,,
6/16/2023,41.09,41.17,40.6,40.65,70000,,
6/19/2023,41.09,41.09,40.6,40.94,103800,,
6/20/2023,41.32,41.32,40.65,40.94,11200,,
6/21/2023,40.94,40.94,40.65,40.94,30400,,
6/22/2023,40.99,41.12,40.45,40.94,93900,,
6/23/2023,40.89,40.99,40.5,40.94,440000,,
6/26/2023,40.84,40.99,40.07,40.94,91600,,
6/27/2023,40.6,40.65,40.17,40.4,68000,,
6/28/2023,40.35,40.45,40.07,40.45,77200,,
6/29/2023,40.27,40.45,39.01,39.3,176700,,
6/30/2023,39.92,39.92,38.72,39.4,53100,,
7/3/2023,39.88,39.88,38.96,39.06,33800,,
7/4/2023,39.06,39.1,38.91,39.01,178000,,
7/5/2023,39.01,39.1,38.91,39.01,63800,,
7/6/2023,39.5,39.5,37.86,38.53,134900,,
7/7/2023,38.81,39.01,38.24,39.01,174200,,
7/10/2023,39.01,39.2,37.86,38.96,410000,,
7/11/2023,38.96,39.2,38.81,39.01,155300,,
7/12/2023,39.1,40.55,39.01,40.27,441900,,
7/13/2023,40.45,40.69,40.17,40.27,124300,,
7/14/2023,40.35,41.56,40.22,41.12,406500,,
7/17/2023,40.74,41.89,39.92,41.12,542900,,
7/18/2023,41.22,41.27,40.74,41.12,139000,,
7/19/2023,41.37,41.37,40.65,40.79,107300,,
7/20/2023,40.27,40.99,40.17,40.94,147900,,
7/21/2023,40.65,40.89,40.31,40.69,157000,,
7/24/2023,41.12,41.27,40.74,40.84,185800,,
7/25/2023,40.84,40.99,40.27,40.74,123500,,
7/26/2023,40.27,40.74,40.02,40.45,167400,,
7/27/2023,40.74,40.74,39.25,40.45,293400,,
7/28/2023,40.6,40.6,39.68,40.27,304900,,
7/31/2023,39.83,40.45,39.83,39.97,200100,,
8/1/2023,40.35,40.35,39.73,39.78,142000,,
8/2/2023,39.78,39.78,39.5,39.5,185100,,
8/3/2023,39.5,39.68,38.38,38.38,204200,,
8/4/2023,38.86,39.5,38.86,39.15,202500,,
8/7/2023,39.2,39.3,39.15,39.3,71100,,
8/8/2023,39.3,39.83,39.3,39.78,112500,,
8/9/2023,39.88,39.88,39.01,39.3,125400,,
8/10/2023,39.63,39.63,39.15,39.25,167700,,
8/11/2023,39.5,39.5,39.06,39.5,143600,,
8/14/2023,39.54,39.68,39.2,39.54,74300,,
8/15/2023,39.5,39.54,39.4,39.54,76400,,
8/16/2023,39.68,39.68,39.15,39.2,97100,,
8/17/2023,39.01,39.3,39.01,39.1,76400,,
8/18/2023,39.06,39.35,37.56,37.56,190400,,
8/21/2023,37.09,37.86,36.79,37.86,206600,,
8/22/2023,37.56,38.77,36.7,38.53,194700,,
8/23/2023,38.63,38.81,38.09,38.38,93400,,
8/24/2023,38.09,38.53,38.09,38.43,48100,,
8/25/2023,38.68,39.07,38.58,38.92,149800,,
8/28/2023,39.07,39.07,38.68,38.92,41800,,
8/29/2023,39.07,39.11,38.48,38.97,94500,,
8/30/2023,38.97,39.94,38.68,39.5,272200,,
8/31/2023,39.8,40.43,39.5,39.99,170700,,
9/5/2023,40.04,40.38,39.9,40.19,116000,,
9/6/2023,40.19,42.97,39.9,42.97,2241600,,
9/7/2023,43.89,45.94,43.41,45.5,959000,,
9/8/2023,45.5,46.82,44.43,44.87,445400,,
9/11/2023,44.87,46.24,44.38,44.38,834900,,
9/12/2023,44.87,45.26,43.75,43.99,483100,,
9/13/2023,44.43,46.63,44.14,45.6,806900,,
9/14/2023,45.6,45.85,44.58,45.16,251000,,
9/15/2023,45.36,45.36,44.19,44.97,299700,,
9/18/2023,45.16,47.75,44.48,46.24,480200,,
9/19/2023,46.43,46.63,44.97,46.24,262300,,
9/20/2023,46.33,47.75,46.33,47.06,442400,,
9/21/2023,47.16,47.21,45.85,45.89,225600,,
9/22/2023,44.97,45.75,43.94,45.65,506700,,
9/25/2023,45.65,45.65,42.53,42.72,757500,,
9/26/2023,42.43,43.89,42.43,42.53,361500,,
9/27/2023,40.19,43.8,40.14,43.7,240000,,
9/28/2023,42.97,44.58,42.92,44.58,219500,,
9/29/2023,44.63,45.46,43.94,44.28,238300,,
10/2/2023,45.36,45.36,43.11,44.19,144800,,
10/3/2023,43.41,43.5,42.04,42.92,318600,,
10/4/2023,42.09,43.89,42.09,43.89,277600,,
10/5/2023,44.43,44.43,43.21,43.41,142100,,
10/6/2023,42.92,43.36,42.43,43.11,126000,,
10/9/2023,42.97,43.65,42.97,43.41,385600,,
10/10/2023,44.38,44.38,43.31,43.46,486600,,
10/11/2023,43.41,44.09,43.41,43.89,508000,,
10/12/2023,44.09,45.75,43.99,45.65,1003100,,
10/13/2023,45.16,46.24,45.16,46.14,538000,,
10/16/2023,46.14,46.24,44.48,44.58,388500,,
10/17/2023,45.06,45.06,41.55,41.55,648400,,
10/18/2023,41.94,42.72,40.48,41.02,658900,,
10/19/2023,41.75,41.94,40.77,40.97,246500,,
10/20/2023,40.82,41.94,40.38,41.94,250900,,
10/23/2023,41.94,41.94,40.68,41.16,233000,,
10/24/2023,40.87,41.75,40.77,41.36,136800,,
10/25/2023,41.6,41.7,40.48,41.02,153500,,
10/26/2023,40.63,40.63,39.02,39.5,465900,,
10/27/2023,39.5,40.29,38.63,38.68,225200,,
10/30/2023,38.82,39.85,38.04,38.04,124900,,
10/31/2023,37.94,38.24,36.87,37.21,412300,,
11/1/2023,37.26,37.6,37.07,37.46,85500,,
11/2/2023,38.04,39.02,37.26,38.33,144300,,
11/3/2023,39.02,40.53,38.33,40.53,905600,,
11/6/2023,40.97,40.97,39.9,40.48,142100,,
11/7/2023,40.04,40.29,39.9,40.09,133500,,
11/8/2023,39.99,40.97,39.07,40.92,105900,,
11/9/2023,40.97,41.07,39.8,40.77,257000,,
11/10/2023,40.77,40.77,40.19,40.24,89600,,
11/13/2023,40.29,40.33,39.7,39.7,96600,,
11/14/2023,39.8,40.63,39.8,40.63,205000,,
11/15/2023,41.07,41.46,40.63,41.07,353400,,
11/16/2023,41.07,41.07,40.19,40.68,104600,,
11/17/2023,40.77,40.97,39.9,40.53,151300,,
11/20/2023,39.99,40.33,39.5,39.99,119300,,
11/21/2023,40.48,40.48,39.7,39.99,127900,,
11/22/2023,39.75,40.09,39.31,39.7,338600,,
11/23/2023,39.75,40.19,39.41,39.7,168100,,
11/24/2023,39.3,39.7,38.65,39.15,109800,,
11/27/2023,39.05,39.05,37.9,38.05,165000,,
11/28/2023,38.05,38.15,37,38.15,146900,,
11/29/2023,38.2,39,38,38.85,105300,,
11/30/2023,38.85,38.85,38.45,38.5,107500,,
12/1/2023,38.5,38.6,37.9,38.1,85300,,
12/4/2023,38.7,38.7,38.15,38.45,157600,,
12/5/2023,38.45,38.75,38,38.45,109700,,
12/6/2023,38.45,39,38.3,38.5,183600,,
12/7/2023,38.55,38.8,37.9,38.5,227000,,
12/8/2023,38.5,38.5,38.05,38.2,92700,,
12/11/2023,38.25,38.5,38.1,38.15,114600,,
12/12/2023,38.55,38.55,38.1,38.3,116500,,
12/13/2023,38.3,38.3,37.5,37.55,371900,,
12/14/2023,37.75,37.9,37.4,37.4,219800,,
12/15/2023,37.3,37.85,36.9,37.5,267400,,
12/18/2023,37.3,37.35,36,36,293300,,
12/19/2023,36,36.5,35.8,36.15,329800,,
12/20/2023,36.55,36.7,36,36.7,116400,,
12/21/2023,36.8,37.3,36.55,37.3,58300,,
12/22/2023,37.3,37.9,37.3,37.9,126600,,
12/25/2023,37.9,38.3,37.85,38.1,143600,,
12/26/2023,38.4,38.4,37.5,37.95,128200,,
12/27/2023,38.05,38.05,37.8,37.85,101700,,
12/28/2023,37.85,38.5,37.85,38.2,251300,,
12/29/2023,38.5,38.5,38,38,231200,,
1/2/2024,38.25,38.4,37.85,38,118200,,
1/3/2024,38,38.35,38,38.3,163100,,
1/4/2024,38.3,39.5,38.25,39.05,318900,,
1/5/2024,39.2,40.35,38.8,40,467300,,
1/8/2024,40.5,41.85,40.4,41.6,897500,,
1/9/2024,41.5,41.85,41,41.4,551000,,
1/10/2024,41.4,41.5,40.75,40.75,265700,,
1/11/2024,40.75,41.2,40.75,40.75,90500,,
1/12/2024,40.2,40.75,40.2,40.65,364000,,
1/15/2024,40.65,41.8,40.35,41.5,357100,,
1/16/2024,41.5,41.75,41.3,41.5,236900,,
1/17/2024,41.3,41.5,41,41.05,136000,,
1/18/2024,41.05,41.75,41.05,41.6,603600,,
1/19/2024,41.7,41.7,41.35,41.4,212600,,
1/22/2024,41.4,41.4,40.6,40.6,223500,,
1/23/2024,41,41.1,40.6,40.65,74900,,
1/24/2024,40.65,41,40.6,40.7,140500,,
1/25/2024,40.75,40.95,40.5,40.5,89200,,
1/26/2024,40.6,40.9,39.95,40.1,188400,,
1/29/2024,40.2,40.55,39.65,39.8,200900,,
1/30/2024,40.1,40.75,40.1,40.7,215600,,
1/31/2024,41.15,42.7,40.8,42.3,622700,,
2/1/2024,42.4,42.5,42,42.05,434200,,
2/2/2024,42.1,42.5,41.95,42.05,486300,,
2/5/2024,42.05,42.45,41.9,42,355100,,
2/6/2024,42.35,42.35,41.5,42,185000,,
2/7/2024,42.5,42.5,41.95,42.1,266400,,
2/15/2024,42.5,42.5,41.3,42,224700,,
2/16/2024,41.85,41.9,41.55,41.6,386400,,
2/19/2024,41.7,42.3,41.65,41.8,190200,,
2/20/2024,41.85,41.85,41.55,41.6,101600,,
2/21/2024,41.8,41.8,41.25,41.5,278400,,
2/22/2024,41.4,43.3,41.2,42.7,762600,,
2/23/2024,42.7,42.8,41.6,41.6,257400,,
2/26/2024,41.75,42.6,41.65,42.4,418900,,
2/27/2024,42.4,42.6,41.8,42.3,593500,,
2/28/2024,42.3,42.45,41.7,42.2,249200,,
2/29/2024,42.2,42.2,41.3,41.8,249700,,
3/1/2024,41.8,42.1,41.7,42.1,362000,,
3/4/2024,42.5,43.7,42.5,42.9,797500,,
3/5/2024,42.9,43,42.5,42.8,312700,,
3/6/2024,42.9,42.9,42.1,42.1,415000,,
3/7/2024,42.3,43,41.5,43,422300,,
3/8/2024,43.3,43.4,42.2,42.2,266900,,
3/11/2024,42.2,43.5,42,42.7,698000,,
3/12/2024,42.7,43.15,42.35,42.8,248600,,
3/13/2024,43.4,44.5,43.1,44.1,618500,,
3/14/2024,43.8,47.15,43.8,46,1161800,,
3/15/2024,46.05,46.1,45.45,45.9,630100,,
3/18/2024,45.9,46.15,43.1,43.7,646600,,
3/19/2024,43.75,44.7,43.75,44,306800,,
3/20/2024,44,44.35,43.3,43.65,224600,,
3/21/2024,43.7,45.1,43.7,44.3,80493048,,
,,,,,,,
,,,,,,,
